patient_id,Patient_name,Patient_gender,Patient_phone,Patient_age,Patient_DOB,Patient_maritial status,Patient_address,Patient_occupation,Patient_bloodgroup,Patient_country
1,Raj,male,506363636,35,02-02-90,married,karama,nurse,A+,UAE
2,Rani,female,52323232,15,03-09-05,married,burdubai,student,B-,UAE
3,Jeeva,male,55636969696,45,04-08-75,unmarried,deira,police,O+,UAE
4,saurabh,male,4858585,26,04-07-93,married,khawaneej,architect,AB-,UAE
5,King,male,506364565,28,06-09-91,unmarried,rolla,engineer,B+,UAE
6,tina,female,56456456456,20,08-07-00,unmarried,naif,student,A-,UAE
7,sheea,female,553214569,12,03-06-08,unmarried,warqaa,student,O-,UAE
8,alex,male,501236547,18,21-09-02,married,al ras,student,AB+,UAE
9,pandi,male,544125638,50,18-12-70,married,fujairah,pilot,AB-,UAE
10,anita,female,49632587,55,17-11-65,married,RAK,teacher,B+,UAE
11,ria,female,551236547,45,12-12-75,unmarried,abu dhabi,nurse,B+,UAE
12,rio,male,521236985,58,16-05-62,unmarried,rolla,mechanic,B-,UAE
13,jeetan,male,503214785,52,23-04-68,married,industrial area,labour,O+,UAE
14,archana,female,46523684,27,14-12-92,unmarried,al nahda,nurse,O+,UAE
15,nisha,female,42356565,45,08-02-75,married,al nahda,teacher,A+,UAE
16,ajeedh,male,503214563,55,19-07-65,unmarried,abu hail,engineer,O-,UAE
17,bala,male,508888888,65,29-10-55,married,naif,architect,A-,UAE
18,anirudh,male,50666666,75,25-08-45,unmarried,qusais,police,B-,UAE
19,rahul,male,556666666,46,01-01-74,married,naif,police,AB-,UAE
