<Schema name="New Schema1">
  <Cube name="starschema" visible="true" cache="true" enabled="true">
    <Table name="medicals_fact" alias="">
    </Table>
    <Dimension type="StandardDimension" visible="true" foreignKey="patient_id" name="patient_dimension">
      <Hierarchy visible="true" hasAll="true">
        <Table name="patient_dimension" alias="">
        </Table>
        <Level name="patient name" visible="true" table="patient_dimension" column="Patient_name" type="String" uniqueMembers="true" levelType="Regular" hideMemberIf="Never">
        </Level>
      </Hierarchy>
    </Dimension>
    <Dimension type="StandardDimension" visible="true" foreignKey="doc_id" name="doctor_dimension">
      <Hierarchy visible="true" hasAll="true">
        <Table name="doctor_dimension" alias="">
        </Table>
        <Level name="doctor name" visible="true" table="doctor_dimension" column="doctor_name" type="String" uniqueMembers="false" levelType="Regular" hideMemberIf="Never">
        </Level>
      </Hierarchy>
    </Dimension>
    <Dimension type="StandardDimension" visible="true" foreignKey="bloodgroup_id" name="blood_dimension">
      <Hierarchy visible="true" hasAll="true">
        <Table name="blood_dimension" alias="">
        </Table>
        <Level name="bloodgroup" visible="true" table="blood_dimension" column="blood_group" type="String" uniqueMembers="false" levelType="Regular" hideMemberIf="Never">
        </Level>
      </Hierarchy>
    </Dimension>
    <Dimension type="StandardDimension" visible="true" foreignKey="disease_id" name="disease_dimension">
      <Hierarchy visible="true" hasAll="true">
        <Table name="disease_dimension" alias="">
        </Table>
        <Level name="disease name" visible="true" table="disease_dimension" column="disease_name" type="String" uniqueMembers="false" levelType="Regular" hideMemberIf="Never">
        </Level>
      </Hierarchy>
    </Dimension>
    <Dimension type="StandardDimension" visible="true" foreignKey="stage_id" name="diseasestage_dimension">
      <Hierarchy visible="true" hasAll="true">
        <Table name="diseasestage_dimension" alias="">
        </Table>
        <Level name="disease_stage" visible="true" table="diseasestage_dimension" column="disease_stage" type="String" uniqueMembers="false" levelType="Regular" hideMemberIf="Never">
        </Level>
      </Hierarchy>
    </Dimension>
    <Dimension type="StandardDimension" visible="true" foreignKey="symptom_id" name="symptom_dimension">
      <Hierarchy visible="true" hasAll="true">
        <Table name="symptom_dimension" alias="">
        </Table>
        <Level name="symptom name" visible="true" table="symptom_dimension" column="symptom_name" type="String" uniqueMembers="false" levelType="Regular">
        </Level>
      </Hierarchy>
    </Dimension>
    <Dimension type="StandardDimension" visible="true" foreignKey="treatment_id" name="treatment_dimension">
      <Hierarchy visible="true" hasAll="true">
        <Table name="treatment_dimension" alias="">
        </Table>
        <Level name="treatment method" visible="true" table="treatment_dimension" column="mode_of_treatment" type="String" uniqueMembers="false" levelType="Regular" hideMemberIf="Never">
        </Level>
      </Hierarchy>
    </Dimension>
    <Measure name="unit_patients" column="unit_patients" datatype="Integer" aggregator="distinct-count" visible="true">
    </Measure>
  </Cube>
</Schema>
